id,name,record_type,scope,status,prime_grid_selector,availability_es,availability_en,use_es,use_en,limits_es,limits_en,objective,source,evidence
nnls,Positive least squares,vendored_core,grid,native,True,Selector ILT de Prime,Prime ILT selector,Referencia positiva sin suavizado; diagnóstico del residuo mínimo.,Positive baseline without smoothing; diagnose minimum residual.,"No elige suavidad, soporte ni número de especies.",SciPy NNLS / active-set NNLS; explicit dictionary,"`0.5 ‖AC-Y‖F², C>=0`.",[local-source: METHOD_REFERENCE.es.md#nnls],Source catalogue/UI audit only; no new numerical execution or external validation.
tikhonov,Positive Tikhonov,vendored_core,grid,native,True,Selector ILT de Prime,Prime ILT selector,Distribuciones continuas con suavidad controlada; polímeros/polidispersidad.,Continuous distributions with controlled smoothness; polymers/polydispersity.,"Diferencias en índices, no derivadas físicas adaptadas al espaciado de D. Sin selección automática de lambda.",Fixed user lambda and order 0/1/2; no automatic CONTIN selection,"`0.5 ‖AC-Y‖F² + lambda/2 ‖RC‖F², C>=0`.",[local-source: METHOD_REFERENCE.es.md#tikhonov],Source catalogue/UI audit only; no new numerical execution or external validation.
flint,FLINT quadratic objective,vendored_core,grid,objective_port,True,Selector ILT de Prime,Prime ILT selector,Objetivo L2 positivo para inversión estable; motor NNLS de esta biblioteca.,Positive L2 objective for stable inversion; this library uses NNLS.,"Es un port del objetivo, no la iteración original. Para la iteración use flint_fista.","Same positive L2 objective; NNLS engine, not FLINT original iteration","`0.5 ‖AC-Y‖F² + lambda/2 ‖C‖F², C>=0`.",[local-source: METHOD_REFERENCE.es.md#flint],Source catalogue/UI audit only; no new numerical execution or external validation.
gnat_ilt_nnls,GNAT positive ILT branch,vendored_core,grid,native_core,True,Selector ILT de Prime,Prime ILT selector,Comparar la rama ILT positiva de GNAT a λ manual.,Compare GNAT positive ILT branch at a manual lambda.,"No incluye GCV, curva L, interfaz gráfica ni toda la aplicación GNAT.",Manual lambda squared; excludes GNAT GCV/L-curve/UI peak picking,"`0.5 ‖AC-Y‖F² + lambda²/2 ‖RC‖F², C>=0`.",[local-source: METHOD_REFERENCE.es.md#gnat_ilt_nnls],Source catalogue/UI audit only; no new numerical execution or external validation.
itamed,ITAMeD positive FISTA,vendored_core,grid,native_core,True,Selector ILT de Prime,Prime ILT selector,Distribuciones escasas con pocos máximos mediante L1 y FISTA.,Sparse distributions with few peaks through L1 and FISTA.,La malla permanece fija. El objetivo usa RSS sin factor 1/2; no copie lambda entre métodos sin comprobar escalas.,"Pure diffusion kernel, lambda L1, scaled step and Nesterov; no original GUI","`RSS + lambda sum(C), C>=0`.",[local-source: METHOD_REFERENCE.es.md#itamed],Source catalogue/UI audit only; no new numerical execution or external validation.
elastic_net,Positive smooth sparse inversion,vendored_core,grid,native,True,Selector ILT de Prime,Prime ILT selector,Compromiso entre pocos máximos y suavidad.,Compromise between few peaks and smoothness.,No es un alias de CONTIN ni selecciona sus pesos automáticamente.,L1 plus finite-difference quadratic,"`0.5 ‖AC-Y‖F² + lambda/2 ‖RC‖F² + l1 sum(C), C>=0`.",[local-source: METHOD_REFERENCE.es.md#elastic_net],Source catalogue/UI audit only; no new numerical execution or external validation.
group_sparse,Positive row-group sparse inversion,vendored_core,grid_dosy,native,True,Selector ILT de Prime,Prime ILT selector,Soporte D compartido entre varias frecuencias.,Shared D support across multiple frequencies.,Un soporte compartido favorecido por la penalización no identifica moléculas; con una columna se reduce a L1.,Shared row L2 sparsity; not chemical identity,"`0.5 ‖AC-Y‖F² + lambda sum_k ‖C[k,:]‖2, C>=0`.",[local-source: METHOD_REFERENCE.es.md#group_sparse],Source catalogue/UI audit only; no new numerical execution or external validation.
train,TRAIn-style trust region,vendored_core,grid,mechanism_port,True,Selector ILT de Prime,Prime ILT selector,Inversión positiva iterativa con región de confianza; controlar criterio de parada.,Iterative positive trust-region inversion; control its stopping criterion.,"En Prime, el selector TRAIn usa el motor compartido original: termFac × residuo NNLS. La ficha de biblioteca describe otra variante con radio de ruido explícito; no intercambiar los parámetros.",Prime TRAIn uses the shared original engine: termFac × NNLS residual. The library record describes a separate explicit-noise-radius variant; do not interchange parameters.,"`RSS(A*(eta elementwise squared),Y); discrepancy stopping`.",[local-source: METHOD_REFERENCE.es.md#train],Source catalogue/UI audit only; no new numerical execution or external validation.
maxent,Positive maximum entropy,vendored_core,grid,native,True,Selector ILT de Prime,Prime ILT selector,Distribuciones positivas regularizadas por entropía respecto a una referencia.,Positive distributions regularized by entropy relative to a reference.,El valor de referencia se fija a partir de los datos. Motores Python y MATLAB/C# distintos; comprobar gradiente proyectado.,Fixed reference; Python L-BFGS and MATLAB/C# projected line search differ,`0.5 ‖AC-Y‖F² + lambda sum(C log(C/ref)-C)`.,[local-source: METHOD_REFERENCE.es.md#maxent],Source catalogue/UI audit only; no new numerical execution or external validation.
palma,PALMA entropy/L1 PPXA+,vendored_core,grid,native_core,True,Selector ILT de Prime,Prime ILT selector,Combinar picos y distribuciones anchas con entropía/L1 y radio de ruido.,Combine peaks and broad distributions with entropy/L1 and a noise radius.,La primera observación debe ser positiva. Se excluye la variante con signo w=0. El presupuesto puede acabar sin factibilidad.,Positive entropy weight 0<lambda<=1; per-curve ball; lambda=0 signed variant excluded,"`(1-w)‖x‖1 + w sum(x log x), ‖Ax-Y/scale‖2<=eta/scale`.",[local-source: METHOD_REFERENCE.es.md#palma],Source catalogue/UI audit only; no new numerical execution or external validation.
curvature_reweighted,Local curvature reweighted Tikhonov,vendored_core,grid,native,True,Selector ILT de Prime,Prime ILT selector,Ajustar suavizado local según curvatura; comparar sensibilidad.,Adapt local smoothing to curvature; compare sensitivity.,Cambia pesos y objetivo. No es UPEN2D/MUPEN2D auténtico ni aporta certificado convexo fijo.,Not authentic UPEN2D/MUPEN2D,`Sequence of positive quadratic fits with local curvature weights`.,[local-source: METHOD_REFERENCE.es.md#curvature_reweighted],Source catalogue/UI audit only; no new numerical execution or external validation.
lowrank_sparse,Nonnegative sparse nuclear regularization,vendored_core,grid_dosy,native,True,Selector ILT de Prime,Prime ILT selector,Mapa conjunto con pocos perfiles y pocos coeficientes significativos.,Joint map with few profiles and sparse significant coefficients.,Comprobar residuo primal y dual. No sustituye la recurrencia ADSpLRU por llevar norma nuclear.,ADMM; not branded ADSpLRU/LRSpILT,"`0.5 ‖AC-Y‖F² + l1 sum(C) + low_rank ‖C‖*, C>=0`.",[local-source: METHOD_REFERENCE.es.md#lowrank_sparse],Source catalogue/UI audit only; no new numerical execution or external validation.
reweighted_lowrank_sparse,Reweighted nuclear heuristic,vendored_core,grid_dosy,native,True,Selector ILT de Prime,Prime ILT selector,Reforzar selección de rango/soporte mediante pesos adaptativos.,Strengthen rank/support selection through adaptive weights.,El coste nuclear reportado es diagnóstico; no es un certificado del objetivo variable.,Changing weights; no fixed convex objective certificate,`Adaptive singular-value thresholds inside ADMM`.,[local-source: METHOD_REFERENCE.es.md#reweighted_lowrank_sparse],Source catalogue/UI audit only; no new numerical execution or external validation.
vp,Positive variable projection,vendored_core,components,native,False,API especializada; no en selector ILT de Prime,Specialized API; not in Prime ILT selector,Ajustar un número fijado de componentes exponenciales sin malla D.,Fit a fixed number of exponential components without a D grid.,"Rango fijado por el usuario, mínimos locales; motores distintos entre lenguajes. Ninguna garantía universal de identificación.",Fixed rank; independent local engines and deterministic starts,"`min over log(D): 0.5 ‖A(D) C*(D)-Y‖F², C*(D)>=0`.",[local-source: METHOD_REFERENCE.es.md#vp],Source catalogue/UI audit only; no new numerical execution or external validation.
score,SCORE,vendored_core,components_dosy,native_core,False,API especializada; no en selector ILT de Prime,Specialized API; not in Prime ILT selector,Separar espectros de componentes compartiendo D en el conjunto de frecuencias.,Separate component spectra by sharing D across frequencies.,El valor por defecto genérico de VP es positivo: declare false si desea amplitudes con signo de SCORE.,VP with unconstrained amplitudes for GNAT SCORE; fixed-D and explicit NUG supported,`Variable projection with signed linear amplitudes when Positive=false`.,[local-source: METHOD_REFERENCE.es.md#score],Source catalogue/UI audit only; no new numerical execution or external validation.
outscore,OUTSCORE,vendored_core,components_dosy,native_core,False,API especializada; no en selector ILT de Prime,Specialized API; not in Prime ILT selector,Desmezcla que penaliza solapamiento entre espectros de componentes.,Unmixing that penalizes overlap between component spectra.,Menor solapamiento algebraico no garantiza componentes físicas. No es un objetivo de mínimo residuo.,GNAT absolute spectral cross-talk objective; fixed rank,`GNAT constant + pairwise overlap of absolute area-normalized spectra`.,[local-source: METHOD_REFERENCE.es.md#outscore],Source catalogue/UI audit only; no new numerical execution or external validation.
hyscore,HYSCORE,vendored_core,components_dosy,native_core,False,API especializada; no en selector ILT de Prime,Specialized API; not in Prime ILT selector,Equilibrar reconstrucción y separación espectral en un modelo discreto.,Balance reconstruction and spectral separation in a discrete model.,"Los términos tienen escalas distintas. Mantener peso, normalización y ruido explícitos.",GNAT hybrid residual/cross-talk objective; explicit relative weight,`hybrid_weight * RSS + (1-hybrid_weight) * OUTSCORE`.,[local-source: METHOD_REFERENCE.es.md#hyscore],Source catalogue/UI audit only; no new numerical execution or external validation.
discrete_selection,AIC/BIC selection over VP,vendored_core,components,native,False,API especializada; no en selector ILT de Prime,Specialized API; not in Prime ILT selector,Elegir orden entre modelos de proyección variable con AIC/BIC.,Choose model order among variable-projection models using AIC/BIC.,No incluye K=0. No es DISCRETE ni SPLMOD original; el ruido debe estar especificado.,Not original Provencher DISCRETE or SPLMOD,`Known-noise RSS plus AIC/BIC/AICc model penalty over K>=1`.,[local-source: METHOD_REFERENCE.es.md#discrete_selection],Source catalogue/UI audit only; no new numerical execution or external validation.
decra,DECRA,vendored_core,components_dosy,native_core,False,API especializada; no en selector ILT de Prime,Specialized API; not in Prime ILT selector,Descomposición algebraica de componentes exponenciales con b uniforme.,Algebraic decomposition of exponential components with uniform b.,"Requiere rango suficiente y pasos b uniformes. Autovalores no físicos producen fallo, no picos recortados.","Original GNAT algebra; uniform b, isotropic noise, full rank; nonphysical eigenvalues fail",`SVD and eigenvalues of shifted equally spaced attenuation blocks`.,[local-source: METHOD_REFERENCE.es.md#decra],Source catalogue/UI audit only; no new numerical execution or external validation.
mcr_als,MCR-ALS,vendored_core,decomposition,native_core,False,API especializada; no en selector ILT de Prime,Specialized API; not in Prime ILT selector,Descomposición multivariada con restricciones y posibles perfiles exponenciales.,Multivariate decomposition with constraints and optional exponential profiles.,Conserva ambigüedad rotacional. Sin ajuste exponencial no se obtienen D automáticamente; requiere ruido isotrópico.,Positivity options and optional exponential decays; no GNAT GUI/rotational guarantee,`Alternating LS/NNLS of decay and spectral factors`.,[local-source: METHOD_REFERENCE.es.md#mcr_als],Source catalogue/UI audit only; no new numerical execution or external validation.
fastica,Symmetric FastICA,vendored_core,decomposition,native_core,False,API especializada; no en selector ILT de Prime,Specialized API; not in Prime ILT selector,Explorar factores estadísticamente independientes; ajustar D después si procede.,Explore statistically independent factors; fit D afterwards if appropriate.,No estima D ni constituye una asignación molecular. La independencia estadística no es especificidad química.,"Algebraic factors, no automatic diffusion identification",`Whitening + symmetric tanh fixed-point iteration`.,[local-source: METHOD_REFERENCE.es.md#fastica],Source catalogue/UI audit only; no new numerical execution or external validation.
parafac,Three-way CP-ALS,vendored_core,tensor,native_core,False,API especializada; no en selector ILT de Prime,Specialized API; not in Prime ILT selector,Datos de tres dimensiones con factores compartidos entre modos.,Three-dimensional data with factors shared across modes.,"Solución local; parada por estabilidad, no certificado de estacionariedad. No es un inversor DOSY por sí solo.",Three-way API; use parafac_nd for four-way tensors; full N-way constraints/uncertainty not ported,`Three-way CP least squares by alternating LS/NNLS`.,[local-source: METHOD_REFERENCE.es.md#parafac],Source catalogue/UI audit only; no new numerical execution or external validation.
local_score,Explicit-region local SCORE,vendored_core,components_dosy,partial,False,API especializada; no en selector ILT de Prime,Specialized API; not in Prime ILT selector,Aplicar SCORE a regiones ppm elegidas explícitamente.,Apply SCORE to explicitly selected ppm regions.,Use regiones disjuntas para uso portable: MATLAB no comprueba el solapamiento entre regiones. No segmenta automáticamente.,Use disjoint regions for portable use: MATLAB does not check overlap across regions. Explicit local SCORE does not segment automatically.,`SCORE independently on explicit column-index regions`.,[local-source: METHOD_REFERENCE.es.md#local_score],Source catalogue/UI audit only; no new numerical execution or external validation.
locodosy_auto,Automatic LOCODOSY local inversion,vendored_core,components_dosy,native_core,False,API especializada; no en selector ILT de Prime,Specialized API; not in Prime ILT selector,"Segmentar regiones, estimar orden local y reducir componentes.","Segment regions, estimate local order and reduce components.","SVD usa suma de valores singulares, no energía cuadrática. Intervalos de error/display no son incertidumbre calibrada.","Native automatic inversion; C# legacy error refit (LM), display and fuzzy clustering now separate APIs. Original GUI segmentation adapted; no calibrated confidence intervals.","`Threshold segmentation, SVD order, local SCORE/OUTSCORE/DECRA, component reduction`.",[local-source: METHOD_REFERENCE.es.md#locodosy_auto],Source catalogue/UI audit only; no new numerical execution or external validation.
brd,BRD dual positive L2,vendored_core,grid,native_core,True,Selector ILT de Prime,Prime ILT selector,Resolver L2 positivo mediante formulación dual; λ explícito.,Solve positive L2 via a dual formulation; explicit lambda.,"Alpha fijo, sin selección automática ni compresión OSILAP. Inicialización externa no admitida en el adaptador.",Fixed positive alpha and identity regularizer; damped semismooth Newton differs from Julia trust region. No OSILAP automatic alpha/compression pipeline.,"`0.5 ‖AC-Y‖F² + alpha/2 ‖C‖F², C>=0, solved through dual`.",[local-source: METHOD_REFERENCE.es.md#brd],Source catalogue/UI audit only; no new numerical execution or external validation.
pdhg_l1,Chambolle-Pock positive L1,vendored_core,grid,native,True,Selector ILT de Prime,Prime ILT selector,Resolver inversión escasa L1 mediante división primal-dual.,Solve sparse L1 inversion by primal-dual splitting.,No es la recurrencia PDHGM2 archivada. Inicialización cero; verificar residuo de gradiente proyectado.,Least-squares dual and positive L1 primal prox; not the archived PDHGM/PDHGM2 update.,"`0.5 ‖AC-Y‖F² + alpha sum(C), C>=0`.",[local-source: METHOD_REFERENCE.es.md#pdhg_l1],Source catalogue/UI audit only; no new numerical execution or external validation.
parafac_nd,Three/four-way CP-ALS,vendored_core,tensor,native_core,False,API especializada; no en selector ILT de Prime,Specialized API; not in Prime ILT selector,Factorizar tensores de tres/cuatro modos; estudios multi-experimento.,Factorize three/four-way tensors; multi-experiment studies.,"No incorpora todo el paquete N-way, sus restricciones ni incertidumbres.","Positive/unconstrained factors, deterministic initialization; local solution, objective-stagnation stop, no N-way constraint/uncertainty suite.",`Three/four-way CP alternating LS/NNLS`.,[local-source: METHOD_REFERENCE.es.md#parafac_nd],Source catalogue/UI audit only; no new numerical execution or external validation.
kaczmarz,Regularized block Kaczmarz,vendored_core,grid,native_core,True,Selector ILT de Prime,Prime ILT selector,Resolver inversión regularizada mediante actualizaciones por filas/bloques.,Solve regularized inversion using row/block updates.,"Generador de orden portable distinto del NumPy histórico. RowOrders permite comparar trayectorias explícitas; fallos de búsqueda se conservan. El adaptador de malla usa opciones internas: para semilla, bloques y órdenes explícitos use linear_fit / linearFit / LinearEngines.Fit.","The grid adapter uses the engine defaults. Use linear_fit / linearFit / LinearEngines.Fit for seed, block size, inner iterations and explicit row orders. Ordering is a portable generator, not the original NumPy generator; line-search failures are retained.","`0.5 ‖AC-Y‖F² + alpha/2 ‖C‖F², C>=0`.",[local-source: METHOD_REFERENCE.es.md#kaczmarz],Source catalogue/UI audit only; no new numerical execution or external validation.
l1_ls_nonnegative,Nonnegative L1 interior point,vendored_core,grid,native_core,True,Selector ILT de Prime,Prime ILT selector,Solución positiva L1 por punto interior; referencia de optimización.,Positive L1 solution by interior point; optimization reference.,Newton denso sustituye PCG original. Brecha absoluta-escalada cuando el objetivo es menor que uno.,"Boyd barrier/primal-dual formulation; dense Newton, not original PCG. Fixed lambda; absolute-scaled gap near zero.","`RSS + alpha ‖C‖1, C>=0`.",[local-source: METHOD_REFERENCE.es.md#l1_ls_nonnegative],Source catalogue/UI audit only; no new numerical execution or external validation.
l1_ls,Signed L1 interior point,vendored_core,linear,native_core,False,API especializada; no en selector ILT de Prime,Specialized API; not in Prime ILT selector,Ajustes lineales escasos con signo; no distribución positiva automática.,Signed sparse linear fits; not automatically a positive distribution.,Los coeficientes negativos no son masas físicas. No es un motor matricial disperso de gran escala certificado.,Same signed L1 barrier objective; dense Newton. Negative coefficients are not physical masses.,"`RSS + alpha ‖C‖1, C signed`.",[local-source: METHOD_REFERENCE.es.md#l1_ls],Source catalogue/UI audit only; no new numerical execution or external validation.
flint_fista,FLINT positive quadratic iterative core,vendored_core,grid,native_core,True,Selector ILT de Prime,Prime ILT selector,Resolver iterativamente el objetivo cuadrático positivo FLINT.,Iteratively solve the positive FLINT quadratic objective.,Paso espectral y parada por gradiente proyectado difieren de la potencia/estancamiento original.,FISTA for FLINT objective; exact spectral step and projected-gradient stop differ from upstream power iteration/stagnation.,"`RSS + alpha ‖C‖F², C>=0`.",[local-source: METHOD_REFERENCE.es.md#flint_fista],Source catalogue/UI audit only; no new numerical execution or external validation.
plss_r,PLSS residual recursive solver,vendored_core,linear,native_core,False,API especializada; no en selector ILT de Prime,Specialized API; not in Prime ILT selector,Sistemas lineales compatibles; núcleo auxiliar sin regularización.,Consistent linear systems; auxiliary unregularized core.,"Sistema consistente, salida con signo; breakdown preservado. No convierte un problema inverso mal condicionado en identificable.","Consistent linear systems; signed, unregularized; breakdown retained. No claims for other PLSS variants.",`Unregularized recursive residual sketches for A*C=Y`.,[local-source: METHOD_REFERENCE.es.md#plss_r],Source catalogue/UI audit only; no new numerical execution or external validation.
omp,Orthogonal matching pursuit dictionary adapter,vendored_core,grid,native_core,True,Selector ILT de Prime,Prime ILT selector,Seleccionar pocos átomos D de un diccionario; límite de soporte explícito.,Select few D atoms from a dictionary; explicit support limit.,No normaliza columnas. La escala afecta la selección; no se traslada el muestreo Fourier del original.,"Explicit dictionary, positive or signed refits; differs from original CS Fourier mapping. No automatic noise estimate.",`Greedy dictionary correlation + restricted LS/NNLS refit`.,[local-source: METHOD_REFERENCE.es.md#omp],Source catalogue/UI audit only; no new numerical execution or external validation.
irls,Fixed-p smoothed IRLS dictionary adapter,vendored_core,linear,native_core,False,API especializada; no en selector ILT de Prime,Specialized API; not in Prime ILT selector,Explorar soluciones escasas mediante mínimos cuadrados reponderados.,Explore sparse solutions through reweighted least squares.,"Salida con signo. Estabilidad no acredita óptimo global; el objective de salida es RSS diagnóstico, no todo el coste regularizado.",Signed; explicit epsilon; no original Fourier sampling or automatic epsilon heuristic. Iterate stability not an optimality certificate.,`Fixed-p smoothed iteratively reweighted least squares`.,[local-source: METHOD_REFERENCE.es.md#irls],Source catalogue/UI audit only; no new numerical execution or external validation.
upen2d,UPEN2D adaptive spatial penalties,vendored_core,matrix,native_core,False,API especializada; no en selector ILT de Prime,Specialized API; not in Prime ILT selector,Distribuciones 2D con suavizado local adaptativo; dos operadores físicos.,2D distributions with adaptive local smoothing; two physical operators.,NNLS interno sustituye Newton-CG; sin compresión SVD. La segunda dimensión puede ser frecuencia sólo si Kr=I y se declara esa hipótesis.,"Native NNLS inner rather than original projected Newton CG; no SVD/B compression. Pure diffusion requires caller diffusion kernel, e.g. Kr=I for window coupling.",`‖Kc X Kr^T-Y‖F² + spatial quadratic penalties updated from residual/derivatives`.,[local-source: METHOD_REFERENCE.es.md#upen2d],Source catalogue/UI audit only; no new numerical execution or external validation.
rrt,GNAT Fourier RRT,vendored_core,complex_fid_dosy,native_core,False,API especializada; no en selector ILT de Prime,Specialized API; not in Prime ILT selector,Reconstrucción Fourier-Laplace a partir de FID complejo y b uniforme.,Fourier-Laplace reconstruction from complex FID and uniform b.,"FID se orienta tiempo directo × adquisiciones, al contrario que read_raw. Salida compleja de visualización, no masas.","Uniform b and direct-time FID; explicit/overlapping Fourier windows. Complex map, not masses; no GUI/phase/calibration.",`Regularized resolvent of complex Fourier pencils`.,[local-source: METHOD_REFERENCE.es.md#rrt],Source catalogue/UI audit only; no new numerical execution or external validation.
fdm,GNAT Fourier FDM,vendored_core,complex_fid_dosy,native_with_caveat,False,API especializada; no en selector ILT de Prime,Specialized API; not in Prime ILT selector,Resolver polos/frecuencias desde FID mediante diagonalización filtrada.,Resolve poles/frequencies from FIDs through filter diagonalization.,La política legacy no pasó concordancia de representación entre lenguajes. Portable cambia convenciones numéricas; no certifica densidades.,"Legacy eigen policy failed cross-language agreement. Portable policy fixes bilinear normalization, eigenvector signs and near-real-pole broadening. Neither is calibrated physical density.",`Generalized-eigen Fourier filter diagonalization`.,[local-source: METHOD_REFERENCE.es.md#fdm],Source catalogue/UI audit only; no new numerical execution or external validation.
adsplru,ADSpLRU archived reweighted ADMM,vendored_core,grid_dosy,native_core,False,API especializada; no en selector ILT de Prime,Specialized API; not in Prime ILT selector,Desmezcla conjunta escasa/de bajo rango con ADMM reponderado.,Joint sparse/low-rank unmixing with reweighted ADMM.,Pesos cambiantes; parada legacy no certifica objetivo convexo fijo. Todas las columnas se devuelven.,RMS scales dictionary and data; adaptive singular and entry thresholds; legacy residual stop is not a fixed convex certificate,`RMS-scaled ADMM with adaptive singular-value and entry shrinkage`.,[local-source: METHOD_REFERENCE.es.md#adsplru],Source catalogue/UI audit only; no new numerical execution or external validation.
ipsplru,IPSpLRU incremental proximal recurrence,vendored_core,grid_dosy,native_core,False,API especializada; no en selector ILT de Prime,Specialized API; not in Prime ILT selector,Desmezcla conjunta con recurrencia proximal incremental.,Joint unmixing with an incremental proximal recurrence.,"Presupuesto fijo, sin certificado de convergencia; no selecciona sólo el píxel central.",999 default updates; explicit initial matrix; all columns; no fixed-objective convergence certificate,`Quadratic prox -> reweighted SVT -> reweighted entry shrinkage -> positivity`.,[local-source: METHOD_REFERENCE.es.md#ipsplru],Source catalogue/UI audit only; no new numerical execution or external validation.
lrspilt,LRSpILT archived ADMM recurrence,vendored_core,grid_dosy,native_core,False,API especializada; no en selector ILT de Prime,Specialized API; not in Prime ILT selector,Reconstrucción DOSY conjunta con estructura de bajo rango y escasez.,Joint DOSY reconstruction using low-rank and sparse structure.,Parada relativa legacy y pesos variables; no aporta una cota dual fija.,Adaptive singular thresholds and fixed entry threshold; no original GUI/truth diagnostics; legacy relative stop,`ADMM with adaptive singular thresholds and fixed L1 threshold`.,[local-source: METHOD_REFERENCE.es.md#lrspilt],Source catalogue/UI audit only; no new numerical execution or external validation.
pdhgm2,NMRInversions.jl PDHGM2 recurrence,vendored_core,grid,native_with_caveat,False,API especializada; no en selector ILT de Prime,Specialized API; not in Prime ILT selector,Reproducir recurrencia NMRInversions.jl y comprobar KKT por separado.,Replay the NMRInversions.jl recurrence and check KKT separately.,Proyectar después del inverso cuadrático no garantiza resolver el objetivo positivo. Se reporta KKT real aparte; no confundir estabilidad y convergencia.,Keeps extrapolated primal and projection after quadratic inverse; reports actual positive-L1 KKT separately; fixed alpha; bounded iterations,"`alpha/2 ‖AC-Y‖F² + sum(C), C>=0 (checked target)`.",[local-source: METHOD_REFERENCE.es.md#pdhgm2],Source catalogue/UI audit only; no new numerical execution or external validation.
ilt_julia,ILT.jl positive ridge with signed baseline,vendored_core,grid,objective_port,False,API especializada; no en selector ILT de Prime,Specialized API; not in Prime ILT selector,Inversión positiva con término de línea base con signo.,Positive inversion with a signed baseline term.,Eliminación exacta y NNLS sustituyen Ipopt. Fondo y coeficientes se penalizan; no hay selección automática de alpha.,Exact baseline elimination plus NNLS replaces Ipopt; alpha squared also penalizes baseline; caller supplies whitened baseline column; no automatic alpha selection,"`RSS(A C+z beta,Y) + alpha² (‖C‖F²+‖beta‖2²), C>=0, beta signed`.",[local-source: METHOD_REFERENCE.es.md#ilt_julia],Source catalogue/UI audit only; no new numerical execution or external validation.
tailored_norm,TailoredNorm archived p sweep,vendored_core,grid,native_with_caveat,False,API especializada; no en selector ILT de Prime,Specialized API; not in Prime ILT selector,Explorar barrido de norma p; reproducir la política numérica archivada.,Explore a p-norm sweep; replay the archived numerical policy.,El umbral original produce cero en la prueba archivada. Cambiarlo es otra política; no ocultar ese fallo. Distinto orden de ejes entre lenguajes.,"Retains machine eps and absolute pinv cutoff 2e8, often annihilating output; no silently repaired result. Explicit cutoff alternatives change numerical policy",`Archived fixed p=1..2 recurrence and absolute pinv cutoff`.,[local-source: METHOD_REFERENCE.es.md#tailored_norm],Source catalogue/UI audit only; no new numerical execution or external validation.
mupen2d,MUPEN2D spatial multi-penalty FISTA,vendored_core,matrix,native_with_caveat,False,API especializada; no en selector ILT de Prime,Specialized API; not in Prime ILT selector,Inversión 2D con múltiples penalizaciones adaptativas; salida con signo.,2D inversion with adaptive multiple penalties; signed output.,AT legacy no es el adjunto correcto con pesos variables. Adjoint se etiqueta aparte. Peso L1 indefinido en inicialización cero con datos no nulos queda como fallo.,"SIGNED coefficients. Explicit legacy AT/monitor or corrected-adjoint policy. No SVD, T1/T2 filter, GUI or forced DOSY border mask. Zero-iterate undefined weight reported",`Adaptive quadratic spatial penalty + signed L1 FISTA; legacy or adjoint policy`.,[local-source: METHOD_REFERENCE.es.md#mupen2d],Source catalogue/UI audit only; no new numerical execution or external validation.
espira2,ESPIRA-II AAA-selected Loewner pencil,vendored_core,components,native_core,False,API especializada; no en selector ILT de Prime,Specialized API; not in Prime ILT selector,Identificar sumas de exponenciales mediante polos y rango fijo.,Identify exponential sums through poles and a fixed rank.,"Muestreo uniforme. Polos no físicos se conservan con máscara, no se recortan a picos de difusión; no incluye ESPIRA-I ni block-AAA general.",Uniform sample spacing; fixed rank; complex/nonphysical poles retained; optional uniform-b diffusion validation; no ESPIRA-I or general AAA package,`AAA-selected Loewner pencil + complex exponential amplitude fit`.,[local-source: METHOD_REFERENCE.es.md#espira2],Source catalogue/UI audit only; no new numerical execution or external validation.
sunsal,SUnSAL unmixing ADMM,vendored_core,dictionary,native_core,False,API especializada; no en selector ILT de Prime,Specialized API; not in Prime ILT selector,Desmezcla escasa con diccionario explícito y restricciones opcionales.,Sparse unmixing with an explicit dictionary and optional constraints.,No imponga suma uno a señales DOSY sin normalización física justificada. En simplex positivo L1 es constante.,Explicit positivity and sum-one. Dictionary RMS scaling and archived mu policy. Signed rank-deficient equality LS uses nullspace elimination rather than invalid inverse shortcut,`0.5 RSS + lambda ‖C‖1 with optional positivity/simplex`.,[local-source: METHOD_REFERENCE.es.md#sunsal],Source catalogue/UI audit only; no new numerical execution or external validation.
clsunsal,CLSUnSAL collaborative unmixing,vendored_core,dictionary,native_with_caveat,False,API especializada; no en selector ILT de Prime,Specialized API; not in Prime ILT selector,Desmezcla colaborativa que comparte soporte entre columnas.,Collaborative unmixing with support shared across columns.,Conserva inicialización dual y cambio de mu sin reescalado dual originales. No incluye S2WSU ni MUA.,Preserves original nonzero scaled-dual initialization and mu update without dual rescaling; legacy stop not optimality certificate; no S2WSU/MUA pipeline,`Collaborative row-L2 sparsity with archived ADMM policy`.,[local-source: METHOD_REFERENCE.es.md#clsunsal],Source catalogue/UI audit only; no new numerical execution or external validation.
fcls,Fully constrained least squares,vendored_core,dictionary,objective_port,False,API especializada; no en selector ILT de Prime,Specialized API; not in Prime ILT selector,"Desmezcla positiva con suma uno, sólo si la normalización lo justifica.",Positive sum-to-one unmixing only when normalization justifies it.,"Mismo objetivo, FISTA proyectado en lugar de cvxopt. Suma uno siempre: hipótesis fuerte para intensidades sin normalizar.",Same nonnegative simplex quadratic objective; simplex FISTA with KKT replaces cvxopt QP. Sum-one must be physically justified for DOSY,"`0.5 RSS, C>=0, each column sums to 1`.",[local-source: METHOD_REFERENCE.es.md#fcls],Source catalogue/UI audit only; no new numerical execution or external validation.
plss_rw2,Weighted PLSS recursive core,vendored_core,linear,native_core,False,API especializada; no en selector ILT de Prime,Specialized API; not in Prime ILT selector,Sistema lineal compatible ponderado; núcleo auxiliar.,Weighted consistent linear systems; auxiliary core.,Sin regularización ni positividad; sólo sistemas compatibles. No incluye RW1/KZ.,"Exact diagonal-variable implementation of RW2 via guarded residual recurrence; signed, consistent systems; zero/dependent-direction guards differ from upstream failures; no KZ/RW1",`Diagonal variable transform + guarded residual PLSS recursion`.,[local-source: METHOD_REFERENCE.es.md#plss_rw2],Source catalogue/UI audit only; no new numerical execution or external validation.
mow,MRI mixture of Wisharts/tensors matrix core,vendored_core,mri,native_core,False,API especializada; no en selector ILT de Prime,Specialized API; not in Prime ILT selector,Difusión MRI direccional mediante mezclas Wishart/tensores.,Directional MRI diffusion using Wishart/tensor mixtures.,No es ILT escalar DOSY. Requiere codificación direccional; sin lector MRI ni estimación S0. Perfil de capa no normalizado.,"Requires directional b encoding and unit directions; NNLS or signed damped SVD; optional unnormalized shell profile. No image I/O, baseline estimation, DOT, GUI or spherical basis generation","`Wishart kernel (1+tr(BD)/shape)^(-shape), or tensor exponential`.",[local-source: METHOD_REFERENCE.es.md#mow],Source catalogue/UI audit only; no new numerical execution or external validation.
qbi,MRI Q-ball harmonic transform,vendored_core,mri,native_core,False,API especializada; no en selector ILT de Prime,Specialized API; not in Prime ILT selector,Reconstrucción angular Q-ball MRI en base armónica suministrada.,Angular Q-ball MRI reconstruction in a supplied harmonic basis.,"Convención archivada sin factor 2*pi. No genera base, no normaliza probabilidades ni identifica moléculas.",Caller-supplied real even-harmonic basis; archived P_l(0) convention without 2pi; no scalar ILT claim or normalized probability,`Least-squares real even-harmonic fit followed by P_l(0) multipliers`.,[local-source: METHOD_REFERENCE.es.md#qbi],Source catalogue/UI audit only; no new numerical execution or external validation.
mf-nnls256,MF-NNLS256,prime_route,joint_dosy,source_inspected,False,Ruta nativa Prime,Native Prime route,Mapa conjunto de distribuciones con factores compartidos.,Joint distribution map with shared factors.,"Rango predictivo ≠ moléculas; revisar λS, λA, límites y residuos.","Predictive rank ≠ molecules; inspect lambdaS, lambdaA, bounds and residuals.",,[local-source: StudioWindows.Library.cs],Exposed in inspected current source; no new numerical/experimental validation.
train-mf-historical,TRAIn-MF (protocolo revisado),prime_route,joint_dosy,source_inspected,False,Ruta nativa Prime,Native Prime route,Modelo conjunto con atenuaciones con signo; reproducción legacy explícita.,Joint model with signed attenuations; explicit legacy replay.,La etiqueta del identificador histórico no describe la ruta revisada. No equivaler a TRAIn por bin.,Historical identifier label does not describe the revised route. Not per-bin TRAIn.,,[local-source: StudioWindows.Library.cs],Exposed in inspected current source; no new numerical/experimental validation.
train-per-bin,TRAIn por bin / per bin,prime_route,joint_dosy,source_inspected,False,Ruta nativa Prime,Native Prime route,Mismo ajuste local en todas las frecuencias de una región.,Same local fit for every frequency in a region.,No impone correlaciones ni factores compartidos entre frecuencias.,Does not impose inter-frequency correlations or shared factors.,,[local-source: StudioWindows.Library.cs],Exposed in inspected current source; no new numerical/experimental validation.
rai-s,RAI-S,prime_route,joint_dosy,source_inspected,False,Ruta nativa Prime,Native Prime route,Pocos D discretos con selección de soporte en el espectro.,Few discrete D values with spectral support selection.,No es RAI-Net ni una red entrenada; distribución ancha puede violar el modelo discreto.,Not RAI-Net or a trained network; a broad distribution may violate the discrete model.,,[local-source: StudioWindows.Library.cs],Exposed in inspected current source; no new numerical/experimental validation.
dome-s,DOME-S,prime_route,joint_dosy,source_inspected,False,Ruta nativa Prime,Native Prime route,Tasas discretas compartidas con revisión de cobertura y soporte.,Shared discrete rates with coverage and support review.,"Comprobar límites, predicción reservada y número de componentes.","Check boundaries, held-out prediction and component count.",,[local-source: StudioWindows.Library.cs],Exposed in inspected current source; no new numerical/experimental validation.
silt-dosy,SILT revisado / revised,prime_route,joint_dosy,source_inspected,False,Ruta nativa Prime,Native Prime route,Mapa conjunto con penalizaciones escasas y de bajo rango.,Joint map with sparse and low-rank penalties.,Reponderado no convexo; parada operacional ≠ óptimo global.,Nonconvex reweighting; operational stop ≠ global optimum.,,[local-source: StudioWindows.Library.cs],Exposed in inspected current source; no new numerical/experimental validation.
silt-original,SILT original / ADSpLRU,prime_route,joint_dosy,source_inspected,False,Ruta nativa Prime,Native Prime route,Reproducir el núcleo original aportado con diagnósticos.,Replay the supplied original core with diagnostics.,Parada histórica ≠ certificado KKT; versión separada de SILT revisado.,Historical stop ≠ KKT certificate; separate from revised SILT.,,[local-source: StudioWindows.Library.cs],Exposed in inspected current source; no new numerical/experimental validation.
train2d_prime,TRAIn2D (adaptación C#),prime_route,ultrafast_dt2,source_inspected,False,Ruta nativa Prime,Native Prime route,Inversión separable D–T₂ u otros dos operadores.,Separable D–T2 inversion or other two-operator problems.,No usa λ; termFac y residuo NNLS. Kernel/perfil físico deben estar revisados.,No lambda; termFac and NNLS residual. Physical kernel/profile must be reviewed.,,[local-source: UfNotebookWindow.cs],Exposed in inspected current source; no new numerical/experimental validation.
fista2d_prime,FISTA 2D (variante C# inspirada en ITAMeD),prime_route,ultrafast_dt2,source_inspected,False,Ruta nativa Prime,Native Prime route,Inversión 2D positiva L1 mediante operador separable.,Positive L1 2D inversion using a separable operator.,No es copia literal de ITAMeD; KKT no valida el modelo físico.,Not a verbatim ITAMeD copy; KKT does not validate the physical model.,,[local-source: UfNotebookWindow.cs],Exposed in inspected current source; no new numerical/experimental validation.
mono_fit,Mono / multi-exponential fitting,external_family_or_component,literature_context,literature_or_archived_source,False,Contexto bibliográfico; consultar implementación,Literature context; check implementation,Pocos componentes conocidos; empezar por monoexponencial en señal aislada.,Few expected components; start with monoexponential fitting on an isolated signal.,El ajuste de k exponentes presupone k; dos D próximos son difíciles de resolver.,A k-exponential fit assumes k; nearby D values are hard to resolve.,,https://nmr.chemistry.manchester.ac.uk/?q=node/430,"Family/context, not a claim of local implementation or local validation."
contin_original,CONTIN,external_family_or_component,literature_context,literature_or_archived_source,False,Contexto bibliográfico; consultar implementación,Literature context; check implementation,Distribución continua positiva con regularización y selección propia del parámetro.,Positive continuous distribution with regularization and its own parameter selection.,Tikhonov a λ fijo no es el programa CONTIN completo.,Fixed-lambda Tikhonov is not the full CONTIN program.,,https://doi.org/10.1016/0010-4655(82)90174-6,"Family/context, not a claim of local implementation or local validation."
svd_tsvd,SVD / TSVD / compression,external_family_or_component,literature_context,literature_or_archived_source,False,Contexto bibliográfico; consultar implementación,Literature context; check implementation,Diagnosticar rango informativo; comprimir el problema o truncar modos débiles.,Diagnose informative rank; compress the problem or truncate weak modes.,SVD sola no garantiza positividad; más bins no crean resolución.,SVD alone does not guarantee positivity; more bins do not create resolution.,,https://arxiv.org/abs/1609.00324,"Family/context, not a claim of local implementation or local validation."
fista_general,FISTA / proximal acceleration,external_family_or_component,literature_context,literature_or_archived_source,False,Contexto bibliográfico; consultar implementación,Literature context; check implementation,Motor numérico para objetivos L1 o L2 con proyección/proximales.,Numerical engine for L1 or L2 objectives with projection/proximal operators.,El motor no define por sí mismo el prior ni el experimento.,The engine alone defines neither the prior nor the experiment.,,https://doi.org/10.1137/080716542,"Family/context, not a claim of local implementation or local validation."
upen_family,UPEN / 2DUPEN / MUPEN2D,external_family_or_component,literature_context,literature_or_archived_source,False,Contexto bibliográfico; consultar implementación,Literature context; check implementation,Suavizado local adaptativo para máximos estrechos y regiones anchas.,Adaptive local smoothing for sharp peaks and broad regions.,"Indicar versión, positividad y operadores; no equiparar a curvature_reweighted genérico.","Specify version, positivity and operators; not generic curvature_reweighted.",,https://arxiv.org/abs/1609.00324,"Family/context, not a claim of local implementation or local validation."
edmilt,EDMILT,external_family_or_component,literature_context,literature_or_archived_source,False,Contexto bibliográfico; consultar implementación,Literature context; check implementation,ILT multidimensional con regularización adaptada; correlaciones D–T₂/T₁–T₂.,Multidimensional ILT with tailored regularization; D–T2/T1–T2 correlations.,Requiere datos/operadores multidimensionales; no se asume implementado en el selector Prime.,Requires multidimensional data/operators; not assumed implemented in Prime selector.,,https://pmc.ncbi.nlm.nih.gov/articles/PMC8397344/,"Family/context, not a claim of local implementation or local validation."
drect,DRECT,external_family_or_component,literature_context,literature_or_archived_source,False,Contexto bibliográfico; consultar implementación,Literature context; check implementation,Reconstrucción aprendida de mapas Laplace a partir de entrenamiento sintético.,Learned Laplace-map reconstruction from synthetic training.,"Comprobar kernel, rango, SNR y fuera de distribución; checkpoint archivado no equivale a validación local.","Check kernel, range, SNR and distribution shift; archived checkpoint is not local validation.",,https://github.com/WryBin/DRECT,"Family/context, not a claim of local implementation or local validation."
dream,DREAM,external_family_or_component,literature_context,literature_or_archived_source,False,Contexto bibliográfico; consultar implementación,Literature context; check implementation,Reconstrucción aprendida con estimación de incertidumbre aleatoria.,Learned reconstruction with aleatoric uncertainty estimation.,Incertidumbre de la red no certifica identidad ni cobertura fuera del entrenamiento.,Network uncertainty certifies neither identity nor coverage outside training.,,https://pmc.ncbi.nlm.nih.gov/articles/PMC12383262/,"Family/context, not a claim of local implementation or local validation."
neural_other,CoMeF / DOSY-Net / DLEMLR / DILT,external_family_or_component,literature_context,literature_or_archived_source,False,Contexto bibliográfico; consultar implementación,Literature context; check implementation,Otras arquitecturas aprendidas para ILT/DOSY/multidimensional.,Other learned architectures for ILT/DOSY/multidimensional data.,"Familia heterogénea: revisar artículo, pesos y dominio de cada implementación. Código archivado ≠ disponible en Prime.","Heterogeneous family: inspect each paper, weights and domain. Archived code ≠ available in Prime.",,https://github.com/chenbo-cyber/DLEMLR,"Family/context, not a claim of local implementation or local validation."
discrete_original,DISCRETE / SPLMOD / Prony / matrix pencil,external_family_or_component,literature_context,literature_or_archived_source,False,Contexto bibliográfico; consultar implementación,Literature context; check implementation,Sumas de un número finito de exponenciales; polos y amplitudes.,Finite exponential sums; poles and amplitudes.,"Hipótesis discreta, orden y muestreo importan; no son una distribución continua.","Discrete assumption, order and sampling matter; not a continuous distribution.",,https://nmr.chemistry.manchester.ac.uk/?q=node/430,"Family/context, not a claim of local implementation or local validation."
iterative_general,Landweber / CG / LSQR / early stopping,external_family_or_component,literature_context,literature_or_archived_source,False,Contexto bibliográfico; consultar implementación,Literature context; check implementation,Motores iterativos; parada temprana como regularización.,Iterative engines; early stopping as regularization.,Convergencia del residuo no prueba resolución de componentes.,Residual convergence does not prove component resolution.,,https://web.stanford.edu/group/SOL/software/lsqr/,"Family/context, not a claim of local implementation or local validation."
parameter_selection,Discrepancy / L-curve / GCV / held-out / bootstrap,external_family_or_component,literature_context,literature_or_archived_source,False,Contexto bibliográfico; consultar implementación,Literature context; check implementation,Elegir regularización o rango y estudiar estabilidad/incertidumbre.,Choose regularization or rank and study stability/uncertainty.,Son estrategias de selección/diagnóstico; no nuevos solvers ni verdad experimental.,Selection/diagnostic strategies; not new solvers or experimental truth.,,https://nmr.chemistry.manchester.ac.uk/?q=node/430,"Family/context, not a claim of local implementation or local validation."
