scenario,P30_us,D20_s,gradient_percent,b_s_m2,baseline_M0,expected_S_M0,noise_M0,observed_S_M0
weak,300.0,0.05,8.0,1659351.7403141528,0.9208114378568045,0.9195898887784982,-0.0006573433250179635,0.9189325454534802
weak,300.0,0.05,12.0,3733541.4157068436,0.9208114378568045,0.9180652310177715,0.0027873212453929106,0.9208525522631644
weak,300.0,0.05,16.0,6637406.961256611,0.9208114378568045,0.9159349559943811,0.0018658669432162294,0.9178008229375973
weak,300.0,0.05,20.0,10370948.376963457,0.9208114378568045,0.9132032926626182,-0.0010505584609189584,0.9121527342016993
weak,300.0,0.05,24.0,14934165.662827374,0.9208114378568045,0.9098756542126009,-0.0029700960742381714,0.9069055581383627
weak,300.0,0.05,28.000000000000004,20327058.818848375,0.9208114378568045,0.9059586201959757,0.0022326523869376385,0.9081912725829133
weak,300.0,0.05,32.0,26549627.845026445,0.9208114378568045,0.9014599148487821,-0.0024621959306152306,0.8989977189181668
weak,300.0,0.05,36.0,33601872.741361596,0.9208114378568045,0.8963883817114373,-0.002732479484411817,0.8936559022270255
weak,300.0,0.05,40.0,41483793.50785383,0.9208114378568045,0.8907539546625648,-0.008079713420071511,0.8826742412424933
weak,300.0,0.05,44.0,50195390.144503124,0.9208114378568045,0.8845676254994536,0.00035554321174459933,0.8849231687111981
weak,300.0,0.05,48.0,59736662.6513095,0.9208114378568045,0.8778414082132241,-0.0027251409794294074,0.8751162672337947
weak,300.0,0.05,52.0,70107611.02827296,0.9208114378568045,0.8705883001211918,-0.001807790413954727,0.8687805097072371
weak,300.0,0.05,56.00000000000001,81308235.2753935,0.9208114378568045,0.862822240032388,0.0001645399274424559,0.8629867799598305
weak,300.0,0.05,60.0,93338535.3926711,0.9208114378568045,0.8545580636346418,0.0029237948777382635,0.8574818585123801
weak,300.0,0.05,64.0,106198511.38010578,0.9208114378568045,0.8458114563029747,-0.001370605379186507,0.8444408509237882
weak,300.0,0.05,68.0,119888163.23769756,0.9208114378568045,0.8365989035392732,0.002058902175665609,0.8386578057149389
weak,300.0,0.05,72.0,134407490.96544638,0.9208114378568045,0.8269376392621994,-0.0007601771224561596,0.8261774621397433
weak,300.0,0.05,76.0,149756494.5633523,0.9208114378568045,0.8168455921740658,0.007537210312933454,0.8243828024869992
weak,300.0,0.05,80.0,165935174.0314153,0.9208114378568045,0.8063413304378889,-0.0006881038142770728,0.8056532266236118
weak,300.0,0.05,84.0,182943529.36963534,0.9208114378568045,0.7954440049030158,0.0029282330793874625,0.7983722379824033
weak,300.0,0.05,88.0,200781560.5780125,0.9208114378568045,0.784173291121591,-0.0034889850431223785,0.7806843060784686
weak,300.0,0.05,92.0,219449267.65654674,0.9208114378568045,0.7725493304006682,-0.005936048609141302,0.7666132817915269
weak,300.0,0.05,96.0,238946650.605238,0.9208114378568045,0.7605926701359996,0.00023087915847468378,0.7608235492944743
useful,1200.0,0.05,8.0,26236841.096037477,0.8671875542922549,0.8491754383289634,-0.0006573433250179635,0.8485180950039454
useful,1200.0,0.05,12.0,59032892.46608432,0.8671875542922549,0.8271854920774484,0.0027873212453929106,0.8299728133228413
useful,1200.0,0.05,16.0,104947364.38414991,0.8671875542922549,0.7973529169355599,0.0018658669432162294,0.7992187838787761
useful,1200.0,0.05,20.0,163980256.85023424,0.8671875542922549,0.7605722218799845,-0.0010505584609189584,0.7595216634190656
useful,1200.0,0.05,24.0,236131569.86433727,0.8671875542922549,0.7179141711328234,-0.0029700960742381714,0.7149440750585853
useful,1200.0,0.05,28.000000000000004,321401303.42645913,0.8671875542922549,0.6705741168207692,0.0022326523869376385,0.6728067692077068
useful,1200.0,0.05,32.0,419789457.53659964,0.8671875542922549,0.6198166527616988,-0.0024621959306152306,0.6173544568310836
useful,1200.0,0.05,36.0,531296032.19475883,0.8671875542922549,0.5669201433897474,-0.002732479484411817,0.5641876639053356
useful,1200.0,0.05,40.0,655921027.400937,0.8671875542922549,0.5131244749988338,-0.008079713420071511,0.5050447615787623
useful,1200.0,0.05,44.0,793664443.1551336,0.8671875542922549,0.459584915478534,0.00035554321174459933,0.45994045869027855
useful,1200.0,0.05,48.0,944526279.4573491,0.8671875542922549,0.40733431270756215,-0.0027251409794294074,0.40460917172813277
useful,1200.0,0.05,52.0,1108506536.3075836,0.8671875542922549,0.3572550848204832,-0.001807790413954727,0.35544729440652845
useful,1200.0,0.05,56.00000000000001,1285605213.7058365,0.8671875542922549,0.3100616373937442,0.0001645399274424559,0.3102261773211867
useful,1200.0,0.05,60.0,1475822311.652108,0.8671875542922549,0.26629305947108867,0.0029237948777382635,0.2692168543488269
useful,1200.0,0.05,64.0,1679157830.1463985,0.8671875542922549,0.22631526721661108,-0.001370605379186507,0.22494466183742456
useful,1200.0,0.05,68.0,1895611769.1887078,0.8671875542922549,0.19033122876140457,0.002058902175665609,0.1923901309370702
useful,1200.0,0.05,72.0,2125184128.7790353,0.8671875542922549,0.15839754427708366,-0.0007601771224561596,0.1576373671546275
useful,1200.0,0.05,76.0,2367874908.9173822,0.8671875542922549,0.13044547871598738,0.007537210312933454,0.13798268902892083
useful,1200.0,0.05,80.0,2623684109.603748,0.8671875542922549,0.10630453973955266,-0.0006881038142770728,0.10561643592527559
useful,1200.0,0.05,84.0,2892611730.8381314,0.8671875542922549,0.08572683418852,0.0029282330793874625,0.08865506726790746
useful,1200.0,0.05,88.0,3174657772.6205344,0.8671875542922549,0.06841068739485034,-0.0034889850431223785,0.06492170235172796
useful,1200.0,0.05,92.0,3469822234.950957,0.8671875542922549,0.05402233061659999,-0.005936048609141302,0.04808628200745869
useful,1200.0,0.05,96.0,3778105117.8293962,0.8671875542922549,0.04221481326646196,0.00023087915847468378,0.04244569242493664
overweighted,2700.0,0.2,8.0,535883362.3506838,0.6505090947233165,0.42370971617485037,-0.0006573433250179635,0.4230523728498324
overweighted,2700.0,0.2,12.0,1205737565.2890384,0.6505090947233165,0.24793465579542054,0.0027873212453929106,0.25072197704081345
overweighted,2700.0,0.2,16.0,2143533449.4027352,0.6505090947233165,0.11708831972364021,0.0018658669432162294,0.11895418666685645
overweighted,2700.0,0.2,20.0,3349271014.6917744,0.6505090947233165,0.04462697367927257,-0.0010505584609189584,0.04357641521835361
overweighted,2700.0,0.2,24.0,4822950261.156154,0.6505090947233165,0.013727416947315739,-0.0029700960742381714,0.010757320873077568
overweighted,2700.0,0.2,28.000000000000004,6564571188.795877,0.6505090947233165,0.003407907027546467,0.0022326523869376385,0.005640559414484105
overweighted,2700.0,0.2,32.0,8574133797.610941,0.6505090947233165,0.0006828010439714331,-0.0024621959306152306,-0.0017793948866437976
overweighted,2700.0,0.2,36.0,10851638087.601347,0.6505090947233165,0.00011040993137271507,-0.002732479484411817,-0.002622069553039102
overweighted,2700.0,0.2,40.0,13397084058.767097,0.6505090947233165,1.4408860227611437e-05,-0.008079713420071511,-0.0080653045598439
overweighted,2700.0,0.2,44.0,16210471711.108185,0.6505090947233165,1.517604627835771e-06,0.00035554321174459933,0.0003570608163724351
overweighted,2700.0,0.2,48.0,19291801044.624615,0.6505090947233165,1.2900162500840587e-07,-0.0027251409794294074,-0.002725011977804399
overweighted,2700.0,0.2,52.0,22641072059.31639,0.6505090947233165,8.849917965070315e-09,-0.001807790413954727,-0.0018077815640367618
overweighted,2700.0,0.2,56.00000000000001,26258284755.18351,0.6505090947233165,4.899940811675104e-10,0.0001645399274424559,0.00016454041743653707
overweighted,2700.0,0.2,60.0,30143439132.22596,0.6505090947233165,2.1895252010588525e-11,0.0029237948777382635,0.0029237948996335156
overweighted,2700.0,0.2,64.0,34296535190.443764,0.6505090947233165,7.896171774898256e-13,-0.001370605379186507,-0.00137060537839689
overweighted,2700.0,0.2,68.0,38717572929.83691,0.6505090947233165,2.2982155133751304e-14,0.002058902175665609,0.002058902175688591
overweighted,2700.0,0.2,72.0,43406552350.40539,0.6505090947233165,5.398491742327703e-16,-0.0007601771224561596,-0.0007601771224556198
overweighted,2700.0,0.2,76.0,48363473452.149216,0.6505090947233165,1.0234382777082722e-17,0.007537210312933454,0.007537210312933465
overweighted,2700.0,0.2,80.0,53588336235.06839,0.6505090947233165,1.5658797064791707e-19,-0.0006881038142770728,-0.0006881038142770727
overweighted,2700.0,0.2,84.0,59081140699.16289,0.6505090947233165,1.933582294371768e-21,0.0029282330793874625,0.0029282330793874625
overweighted,2700.0,0.2,88.0,64841886844.43274,0.6505090947233165,1.926967769045229e-23,-0.0034889850431223785,-0.0034889850431223785
overweighted,2700.0,0.2,92.0,70870574670.87793,0.6505090947233165,1.5498646245994527e-25,-0.005936048609141302,-0.005936048609141302
overweighted,2700.0,0.2,96.0,77167204178.49846,0.6505090947233165,1.0060524103062708e-27,0.00023087915847468378,0.00023087915847468378
