scenario,point,gradient_fraction,b_s_per_m2,b_scaled,intensity_true_I0,intensity_observed_I0,intensity_fit_I0,sigma_I0
flat,1,0.08,83333.33333333336,8.333333333333336e-05,0.9999166701387925,0.997725525722066,0.9973540929383288,0.01
flat,2,0.11826086956521739,182104.59987397605,0.00018210459987397606,0.9998179119801622,1.0091089827981385,0.9972837855995644,0.01
flat,3,0.15652173913043477,318998.10964083177,0.00031899810964083176,0.9996810527648464,1.0059006092422338,0.9971863502896844,0.01
flat,4,0.19478260869565217,494013.8626339005,0.0004940138626339005,0.9995061081421228,0.9960042466057263,0.9970617949610363,0.01
flat,5,0.23304347826086957,707151.8588531823,0.0007071518588531823,0.9992930981140962,0.9893927778666356,0.9969101297786591,0.01
flat,6,0.271304347826087,958412.0982986769,0.0009584120982986769,0.999042047031886,1.0064842216550114,0.9967313671189009,0.01
flat,7,0.3095652173913043,1247794.5809703842,0.0012477945809703842,0.9987529835909879,0.9905456638222704,0.9965255215677357,0.01
flat,8,0.34782608695652173,1575299.3068683052,0.0015752993068683051,0.9984259408258059,0.9893176758777665,0.9962926099187798,0.01
flat,9,0.38608695652173913,1940926.2759924387,0.0019409262759924387,0.9980609561033619,0.9711285780364568,0.9960326511710083,0.01
flat,10,0.42434782608695654,2344675.4883427857,0.0023446754883427855,0.9976580711161785,0.9988432151553273,0.9957456665261722,0.01
flat,11,0.46260869565217394,2786546.943919345,0.002786546943919345,0.9972173318743431,0.9881335286095785,0.9954316793859167,0.01
flat,12,0.5008695652173912,3266540.6427221172,0.0032665406427221173,0.9967387886967493,0.9907128206502335,0.9950907153486004,0.01
flat,13,0.5391304347826087,3784656.584751104,0.003784656584751104,0.9962224962015227,0.9967709626263309,0.9947228022058172,0.01
flat,14,0.577391304347826,4340894.770006302,0.004340894770006301,0.9956685132956319,1.0054144962214262,0.9943279699386213,0.01
flat,15,0.6156521739130434,4935255.198487712,0.004935255198487712,0.995076903163686,0.9905082185663977,0.9939062507134547,0.01
flat,16,0.6539130434782608,5567737.870195338,0.005567737870195337,0.9944477332559247,1.0013107405081434,0.9934576788777804,0.01
flat,17,0.6921739130434782,6238342.785129175,0.006238342785129174,0.9937810752754013,0.9912471515338808,0.9929822909554192,0.01
flat,18,0.7304347826086955,6947069.943289224,0.006947069943289224,0.9930770051643634,1.0182010395408083,0.992480125641594,0.01
flat,19,0.768695652173913,7693919.344675489,0.007693919344675489,0.9923356030898356,0.990041923708912,0.9919512237976799,0.01
flat,20,0.8069565217391304,8478890.989287965,0.008478890989287965,0.9915569534284057,1.0013177303596972,0.9913956284456629,0.01
flat,21,0.8452173913043478,9301984.877126655,0.009301984877126655,0.9907411447502212,0.97911119460648,0.9908133847623077,0.01
flat,22,0.8834782608695652,10163201.008191556,0.010163201008191555,0.9898882698021985,0.9701014411050608,0.9902045400730354,0.01
flat,23,0.9217391304347825,11062539.38248267,0.01106253938248267,0.9889984254904493,0.9897680226853649,0.9895691438455122,0.01
flat,24,0.96,12000000.0,0.012,0.9880717128619305,0.9952738398735544,0.9889072476829509,0.01
extinguished,1,0.08,3472222222.222223,3.4722222222222228,0.031047958479329625,0.02885681406260308,0.028715106999235577,0.01
extinguished,2,0.11826086956521739,7587691661.415669,7.587691661415669,0.0005066492231309857,0.009797720041107355,0.010822814454656889,0.01
extinguished,3,0.15652173913043477,13291587901.701323,13.291587901701323,1.6886386238058795e-06,0.006221245116011237,0.0027990428628625833,0.01
extinguished,4,0.19478260869565217,20583910943.07919,20.58391094307919,1.1495319894738278e-09,-0.003501860386864538,0.0004967277776933182,0.01
extinguished,5,0.23304347826086957,29464660785.54926,29.46466078554926,1.5983077661279818e-13,-0.009900320247300741,6.048767713365677e-05,0.01
extinguished,6,0.271304347826087,39933837429.111534,39.933837429111534,4.538943359565689e-18,0.007442174623125466,5.054229156591056e-06,0.01
extinguished,7,0.3095652173913043,51991440873.76601,51.99144087376601,2.6327166638526357e-23,-0.008207319768717435,2.8978941124511697e-07,0.01
extinguished,8,0.34782608695652173,65637471119.51271,65.63747111951271,3.1189505320821185e-29,-0.00910826494803939,1.1401176218074466e-08,0.01
extinguished,9,0.38608695652173913,80871928166.35161,80.87192816635161,7.546887159090551e-36,-0.026932378066905037,3.0779131838190456e-10,0.01
extinguished,10,0.42434782608695654,97694812014.28271,97.69481201428272,3.729771547500936e-43,0.0011851440391486645,5.701677322524375e-12,0.01
extinguished,11,0.46260869565217394,116106122663.30605,116.10612266330604,3.764884108074899e-51,-0.00908380326476469,7.247504054139455e-14,0.01
extinguished,12,0.5008695652173912,136105860113.42155,136.10586011342156,7.762042173191006e-60,-0.006025968046515756,6.32140856313764e-16,0.01
extinguished,13,0.5391304347826087,157694024364.6293,157.6940243646293,3.2685519299783485e-69,0.0005484664248081864,3.7833699997966136e-18,0.01
extinguished,14,0.577391304347826,180870615416.9292,180.8706154169292,2.811187324748616e-79,0.00974598292579421,1.5537578402425224e-20,0.01
extinguished,15,0.6156521739130434,205635633270.32135,205.63563327032134,4.93831953952762e-90,-0.004568684597288357,4.378520751587993e-23,0.01
extinguished,16,0.6539130434782608,231989077924.80573,231.9890779248057,1.7718363020682407e-101,0.0068630072522186955,8.466639210172599e-26,0.01
extinguished,17,0.6921739130434782,259930949380.38223,259.93094938038223,1.2984433552433583e-113,-0.002533923741520532,1.1233995786291761e-28,0.01
extinguished,18,0.7304347826086955,289461247637.05096,289.461247637051,1.9434681441361518e-126,0.025124034376444847,1.0228148426425335e-31,0.01
extinguished,19,0.768695652173913,320579972694.8121,320.57997269481206,5.941373433176491e-140,-0.002293679380923576,6.389977790233815e-35,0.01
extinguished,20,0.8069565217391304,353287124553.6652,353.2871245536652,3.709806679899347e-154,0.009760776931291541,2.73931034485843e-38,0.01
extinguished,21,0.8452173913043478,387582703213.6106,387.5827032136106,4.7311935289862016e-169,-0.011629950143741262,8.057915122130436e-42,0.01
extinguished,22,0.8834782608695652,423466708674.64813,423.46670867464815,1.2323814506905732e-184,-0.019786828697137673,1.626461176742574e-45,0.01
extinguished,23,0.9217391304347825,460939140936.7779,460.9391409367779,6.556538231298587e-201,0.0007695971949156126,2.2527047560173872e-49,0.01
extinguished,24,0.96,500000000000.0,500.0,7.124576406741286e-218,0.007202127011623914,2.1409395872651738e-53,0.01
useful,1,0.08,27777777.777777784,0.027777777777777783,0.9726044771163483,0.9704133326996218,0.9716002031356267,0.01
useful,2,0.11826086956521739,60701533.29132535,0.060701533291325355,0.9411040861013846,0.950395156919361,0.9399142992986701,0.01
useful,3,0.15652173913043477,106332703.21361059,0.10633270321361059,0.899125456378888,0.9053450128562754,0.8977001060683287,0.01
useful,4,0.19478260869565217,164671287.5446335,0.1646712875446335,0.8481724631225497,0.8446706015861531,0.8464799118930084,0.01
useful,5,0.23304347826086957,235717286.2843941,0.2357172862843941,0.7900039873270364,0.7801036670795758,0.7880329840574063,0.01
useful,6,0.271304347826087,319470699.4328923,0.3194706994328923,0.7265334899073945,0.73397566453052,0.7242933458549369,0.01
useful,7,0.3095652173913043,415931526.9901281,0.4159315269901281,0.6597254423245705,0.6515181225558531,0.6572444913509871,0.01
useful,8,0.34782608695652173,525099768.95610166,0.5250997689561017,0.591496348449663,0.5823880835016236,0.5888189441667785,0.01
useful,9,0.38608695652173913,646975425.3308128,0.6469754253308129,0.5236271334537338,0.4966947553868288,0.5208095671316045,0.01
useful,10,0.42434782608695654,781558496.1142617,0.7815584961142618,0.457692143742255,0.45887728778140363,0.4547979440540022,0.01
useful,11,0.46260869565217394,928848981.3064483,0.9288489813064483,0.39500811052921947,0.38592430726445476,0.3921032047885465,0.01
useful,12,0.5008695652173912,1088846880.9073725,1.0888468809073724,0.33660441498161275,0.33057844693509697,0.3337525949539081,0.01
useful,13,0.5391304347826087,1261552194.9170346,1.2615521949170345,0.28321408169002005,0.28376254811482826,0.2804731357965935,0.01
useful,14,0.577391304347826,1446964923.3354337,1.4469649233354338,0.23528330838967898,0.24502929131547319,0.2327020713456371,0.01
useful,15,0.6156521739130434,1645085066.1625707,1.6450850661625707,0.19299614465404089,0.18842746005675254,0.19061259241195783,0.01
useful,16,0.6539130434782608,1855912623.3984458,1.8559126233984458,0.15631022519227647,0.16317323244449516,0.1541506239046359,0.01
useful,17,0.6921739130434782,2079447595.043058,2.079447595043058,0.12499924333188744,0.12246531959036691,0.12307825935737252,0.01
useful,18,0.7304347826086955,2315689981.096408,2.315689981096408,0.09869806070680134,0.1238220950832462,0.09701966356106713,0.01
useful,19,0.768695652173913,2564639781.5584965,2.5646397815584963,0.07694689414050812,0.07465321475958454,0.07550583990529962,0.01
useful,20,0.8069565217391304,2826296996.4293213,2.8262969964293214,0.0592317835762469,0.06899256050753844,0.05801545216744239,0.01
useful,21,0.8452173913043478,3100661625.7088847,3.100661625708885,0.04501940654102742,0.03338945639728616,0.0440097782114523,0.01
useful,22,0.8834782608695652,3387733669.3971853,3.387733669397185,0.03378515853921478,0.013998329842077106,0.03296074644205001,0.01
useful,23,0.9217391304347825,3687513127.494223,3.687513127494223,0.025034181511729876,0.025803778706645488,0.024371780421751678,0.01
useful,24,0.96,4000000000.0,4.0,0.01831563888873418,0.02551776590035809,0.017791797828140977,0.01
