Delta_ms,point,b_s_per_m2,q_radian_per_m,I_diffusion_only,I_velocity_spread_only,I_combined,D_true_m2_per_s,D_app_m2_per_s
50.0,1,20833333.333333336,20412.41452319315,0.9834714538216175,0.9948052065178371,0.9783625227234117,8e-10,1.05e-09
50.0,2,45526149.96849401,30174.87364298118,0.964234342557524,0.9886829871770678,0.953322090138489,8e-10,1.05e-09
50.0,3,79749527.41020794,39937.332762769205,0.9381929739962573,0.9802600534535443,0.9196730948393109,8e-10,1.05e-09
50.0,4,123503465.65847513,49699.791882557234,0.9059213629864936,0.9695959250245563,0.878377661944396,8e-10,1.05e-09
50.0,5,176787964.71329555,59462.25100234526,0.8681156188340113,0.9567654645516932,0.8305830433383035,8e-10,1.05e-09
50.0,6,239603024.5746692,69224.7101221333,0.8255690113513068,0.9418580025663533,0.7775687800120209,8e-10,1.05e-09
50.0,7,311948645.2425961,78987.16924192132,0.7791443752557614,0.9249763019507046,0.7206900829097662,8e-10,1.05e-09
50.0,8,393824826.71707624,88749.62836170934,0.7297451894120913,0.9062353788018711,0.6613209081557098,8e-10,1.05e-09
50.0,9,485231568.99810964,98512.08748149738,0.6782866754914596,0.8857611985965519,0.6008000186753857,8e-10,1.05e-09
50.0,10,586168872.0856963,108274.54660128542,0.6256681891627706,0.8636892683130148,0.5403829005047223,8e-10,1.05e-09
50.0,11,696636735.9798362,118037.00572107344,0.5727480348206072,0.8401631464871158,0.4812017910791935,8e-10,1.05e-09
50.0,12,816635160.6805294,127799.46484086146,0.5203216356380244,0.815332894058755,0.4242353450261354,8e-10,1.05e-09
50.0,13,946164146.1877759,137561.9239606495,0.46910375126579795,0.7893534892958061,0.3702886829034095,8e-10,1.05e-09
50.0,14,1085223692.5015752,147324.38308043752,0.41971517437727734,0.7623832300656113,0.31998381034929996,8e-10,1.05e-09
50.0,15,1233813799.621928,157086.84220022554,0.37267407320616736,0.7345821462716354,0.273759720555579,8e-10,1.05e-09
50.0,16,1391934467.5488343,166849.3013200136,0.32839189760655324,0.7061104444066766,0.23188094875851514,8e-10,1.05e-09
50.0,17,1559585696.2822933,176611.76043980158,0.2871735457278966,0.677127004925065,0.1944529629124418,8e-10,1.05e-09
50.0,18,1736767485.822306,186374.2195595896,0.24922130836097556,0.6477879515433753,0.16144256082411623,8e-10,1.05e-09
50.0,19,1923479836.1688724,196136.67867937766,0.21464197554055583,0.6182453096879031,0.13270139464009428,8e-10,1.05e-09
50.0,20,2119722747.3219912,205899.13779916568,0.18345640807971828,0.5886457691683431,0.1079908384429472,8e-10,1.05e-09
50.0,21,2325496219.281664,215661.59691895373,0.15561084442390669,0.5591295638253952,0.08700662356924038,8e-10,1.05e-09
50.0,22,2540800252.0478888,225424.05603874172,0.13098922623574516,0.5298294784323069,0.0694019534167363,8e-10,1.05e-09
50.0,23,2765634845.620667,235186.51515852974,0.10942587752730953,0.5008699905841744,0.05480813824676854,8e-10,1.05e-09
50.0,24,3000000000.0,244948.97427831782,0.09071795328941251,0.4723665527410145,0.042852126867040166,8e-10,1.05e-09
100.0,1,20833333.333333336,14433.756729740644,0.9834714538216175,0.9896373989149966,0.9732801314671757,8e-10,1.3e-09
100.0,2,45526149.96849401,21336.857774399214,0.964234342557524,0.9774940491333699,0.9425333318200071,8e-10,1.3e-09
100.0,3,79749527.41020794,28239.95881905778,0.9381929739962573,0.9609097723967455,0.9015187971069694,8e-10,1.3e-09
100.0,4,123503465.65847513,35143.05986371635,0.9059213629864936,0.9401162578242249,0.8516714016538837,8e-10,1.3e-09
100.0,5,176787964.71329555,42046.16090837492,0.8681156188340113,0.9154001541588174,0.7946731713083311,8e-10,1.3e-09
100.0,6,239603024.5746692,48949.26195303349,0.8255690113513068,0.8870964969982809,0.7323593780000782,8e-10,1.3e-09
100.0,7,311948645.2425961,55852.36299769206,0.7791443752557614,0.8555811591704009,0.6666212477424222,8e-10,1.3e-09
100.0,8,393824826.71707624,62755.46404235062,0.7297451894120913,0.8212625617921707,0.5993124037120869,8e-10,1.3e-09
100.0,9,485231568.99810964,69658.56508700919,0.6782866754914596,0.7845729009392004,0.5321653446587405,8e-10,1.3e-09
100.0,10,586168872.0856963,76561.66613166776,0.6256681891627706,0.745959152199071,0.46672291194578835,8e-10,1.3e-09
100.0,11,696636735.9798362,83464.76717632634,0.5727480348206072,0.7058741127151308,0.40428801088833094,8e-10,1.3e-09
100.0,12,816635160.6805294,90367.8682209849,0.5203216356380244,0.6647677281342249,0.3458930316221734,8e-10,1.3e-09
100.0,13,946164146.1877759,97270.96926564348,0.46910375126579795,0.623078931063464,0.2922886638965545,8e-10,1.3e-09
100.0,14,1085223692.5015752,104174.07031030204,0.41971517437727734,0.5812281894852749,0.24395029090280135,8e-10,1.3e-09
100.0,15,1233813799.621928,111077.17135496059,0.37267407320616736,0.5396109296210424,0.20109900308844036,8e-10,1.3e-09
100.0,16,1391934467.5488343,117980.27239961918,0.32839189760655324,0.4985919597001942,0.1637335597773169,8e-10,1.3e-09
100.0,17,1559585696.2822933,124883.37344427773,0.2871735457278966,0.4585009807987888,0.13166935237570643,8e-10,1.3e-09
100.0,18,1736767485.822306,131786.4744889363,0.24922130836097556,0.4196292301647622,0.104580545768171,8e-10,1.3e-09
100.0,19,1923479836.1688724,138689.57553359488,0.21464197554055583,0.3822272629510913,0.08204201482528174,8e-10,1.3e-09
100.0,20,2119722747.3219912,145592.67657825345,0.18345640807971828,0.3465038415597901,0.0635683501583829,8e-10,1.3e-09
100.0,21,2325496219.281664,152495.77762291202,0.15561084442390669,0.3126258691435767,0.04864797548618972,8e-10,1.3e-09
100.0,22,2540800252.0478888,159398.87866757056,0.13098922623574516,0.2807192762158502,0.03677120078097264,8e-10,1.3e-09
100.0,23,2765634845.620667,166301.97971222913,0.10942587752730953,0.2508707474677911,0.027451751687595106,8e-10,1.3e-09
100.0,24,3000000000.0,173205.08075688774,0.09071795328941251,0.22313016014842968,0.020241911445804377,8e-10,1.3e-09
150.0,1,20833333.333333336,11785.113019775794,0.9834714538216175,0.9844964370054083,0.9682241421839114,8e-10,1.55e-09
150.0,2,45526149.96849401,17421.471420538128,0.964234342557524,0.9664317364449877,0.931866670017759,8e-10,1.55e-09
150.0,3,79749527.41020794,23057.829821300464,0.9381929739962573,0.9419414648536667,0.8837228642414526,8e-10,1.55e-09
150.0,4,123503465.65847513,28694.1882220628,0.9059213629864936,0.9115328926357037,0.8257771205035579,8e-10,1.55e-09
150.0,5,176787964.71329555,34330.54662282514,0.8681156188340113,0.8758232537444525,0.7603158459135827,8e-10,1.55e-09
150.0,6,239603024.5746692,39966.90502358747,0.8255690113513068,0.8355189347464099,0.6897785409238907,8e-10,1.55e-09
150.0,7,311948645.2425961,45603.2634243498,0.7791443752557614,0.7913922966281346,0.6166088565385501,8e-10,1.55e-09
150.0,8,393824826.71707624,51239.62182511214,0.7297451894120913,0.7442571887815229,0.543118103198683,8e-10,1.55e-09
150.0,9,485231568.99810964,56875.980225874475,0.6782866754914596,0.6949442331222799,0.47137141353647316,8e-10,1.55e-09
150.0,10,586168872.0856963,62512.33862663682,0.6256681891627706,0.6442769143542125,0.40310357032337757,8e-10,1.55e-09
150.0,11,696636735.9798362,68148.69702739915,0.5727480348206072,0.5930494155625453,0.33966788731495745,8e-10,1.55e-09
150.0,12,816635160.6805294,73785.05542816149,0.5203216356380244,0.5420069956565413,0.28201796650726313,8e-10,1.55e-09
150.0,13,946164146.1877759,79421.41382892383,0.46910375126579795,0.4918295283416463,0.23071907672835437,8e-10,1.55e-09
150.0,14,1085223692.5015752,85057.77222968615,0.41971517437727734,0.44311862450497114,0.18598361075392325,8e-10,1.55e-09
150.0,15,1233813799.621928,90694.13063044849,0.37267407320616736,0.39638855483265767,0.14772373730179275,8e-10,1.55e-09
150.0,16,1391934467.5488343,96330.48903121083,0.32839189760655324,0.3520609902414998,0.11561397665864834,8e-10,1.55e-09
150.0,17,1559585696.2822933,101966.84743197315,0.2871735457278966,0.3104633958834887,0.08915687421458511,8e-10,1.55e-09
150.0,18,1736767485.822306,107603.20583273549,0.24922130836097556,0.2718307594161549,0.06774601751445171,8e-10,1.55e-09
150.0,19,1923479836.1688724,113239.56423349783,0.21464197554055583,0.23631021255435705,0.05072209086307586,8e-10,1.55e-09
150.0,20,2119722747.3219912,118875.92263426016,0.18345640807971828,0.2039680203347483,0.03741924037374386,8e-10,1.55e-09
150.0,21,2325496219.281664,124512.2810350225,0.15561084442390669,0.1747983658547832,0.02720052131458179,8e-10,1.55e-09
150.0,22,2540800252.0478888,130148.63943578483,0.13098922623574516,0.14873334770333851,0.019482466131112357,8e-10,1.55e-09
150.0,23,2765634845.620667,135784.99783654715,0.10942587752730953,0.1256536289220373,0.013749758609284853,8e-10,1.55e-09
150.0,24,3000000000.0,141421.35623730952,0.09071795328941251,0.10539922456186429,0.009561601930543505,8e-10,1.55e-09
