point,b_s_per_m2,b_scaled,intensity_true_I0,intensity_raw_baseline_I0,intensity_self_normalized,intensity_corrected_I0,raw_model_fit_I0,corrected_model_fit_I0,sigma_I0
1,13888888.888888892,0.013888888888888892,0.9862071167439163,1.0240159723271898,1.0,0.9840159723271897,1.017937534717559,0.9833690091726696,0.01
2,30350766.645662677,0.030350766645662677,0.9701051933173972,1.0193962641353735,1.0,0.9793962641353735,1.0026008942628881,0.9673277510520254,0.01
3,53166351.606805295,0.053166351606805294,0.9482222610648244,0.994441817542212,1.0,0.9544418175422119,0.9817261612166334,0.9455268797267672,0.01
4,82335643.77231675,0.08233564377231675,0.9209627913887454,0.9574609298523489,1.0,0.9174609298523488,0.9556700120888343,0.9183689985390597,0.01
5,117858643.14219704,0.11785864314219704,0.8888216847754314,0.9189213645279709,1.0,0.8789213645279709,0.9248703786874662,0.8863467419875284,0.01
6,159735349.71644616,0.15973534971644615,0.8523693389062013,0.8998115135293268,1.0,0.8598115135293267,0.8898342125959915,0.8500279248674498,0.01
7,207965763.49506405,0.20796576349506404,0.8122348443181753,0.8440275245494578,1.0,0.8040275245494578,0.8511236267667189,0.8100388278775893,0.01
8,262549884.47805083,0.26254988447805083,0.7690879978582835,0.7999797329102442,1.0,0.7599797329102441,0.8093409426907356,0.7670463056784964,0.01
9,323487712.6654064,0.32348771266540643,0.7236208492392503,0.7366884711723453,1.0,0.6966884711723452,0.7651131969179403,0.7217394283896211,0.01
10,390779248.0571309,0.3907792480571309,0.6765294847545485,0.7177146287936973,1.0,0.6777146287936973,0.719076659803187,0.6748113564458088,0.01
11,464424490.6532242,0.46442449065322416,0.6284967068563044,0.6594129035915398,1.0,0.6194129035915398,0.6718618933547613,0.6269421037899481,0.01
12,544423440.4536862,0.5444234404536862,0.5801761930496742,0.6141502250031584,1.0,0.5741502250031584,0.6240798264435526,0.5787827697241853,0.01
13,630776097.4585173,0.6307760974585173,0.5321786182195035,0.5727270846443118,1.0,0.5327270846443117,0.5763092580376132,0.5309417211391741,0.01
14,723482461.6677169,0.7234824616677169,0.4850601080172219,0.5348060909430161,1.0,0.49480609094301614,0.5290861170718625,0.48397309117156223,0.01
15,822542533.0812854,0.8225425330812853,0.4393132648282327,0.4747445802309443,1.0,0.4347445802309443,0.48289471610399093,0.43836783507779875,0.01
16,927956311.6992229,0.9279563116992229,0.39536087969382666,0.44222388694604536,1.0,0.4022238869460454,0.4381611402995515,0.39454745678410796,0.01
17,1039723797.521529,1.039723797521529,0.35355232050134733,0.3910183967598268,1.0,0.3510183967598268,0.39524881864623845,0.3528603972543174,0.01
18,1157844990.548204,1.157844990548204,0.31416247501380773,0.37928650939025255,1.0,0.33928650939025257,0.3544562352904735,0.31358096470196095,0.01
19,1282319890.7792482,1.2823198907792481,0.27739303188888526,0.31509935250796167,1.0,0.2750993525079617,0.3160166594953304,0.276910591736564,0.01
20,1413148498.2146606,1.4131484982146607,0.24337580729449446,0.293136584225786,1.0,0.253136584225786,0.28009970603570433,0.2429811293182374,0.01
21,1550330812.8544424,1.5503308128544424,0.21217777108129734,0.24054782093755608,1.0,0.20054782093755608,0.24681448598434252,0.21185983391394722,0.01
22,1693866834.6985927,1.6938668346985926,0.1838073952244979,0.20402056652736025,1.0,0.16402056652736025,0.21621407188810293,0.18355567301409606,0.01
23,1843756563.7471116,1.8437565637471116,0.1582219375173047,0.19899153471222034,1.0,0.15899153471222033,0.18830098138873147,0.15802656431599482,0.01
24,2000000000.0,2.0,0.1353352832366127,0.18253741024823664,1.0,0.14253741024823663,0.16303337861936446,0.13518717338583194,0.01
