expno,gradient_percent,x_gradient_fraction_squared,integral,log_relative_intensity,predicted_integral,residual_log,TE_K
10,8.0,0.0064,34401.416623389836,0.0,34256.66281219052,0.004216663992620048,293.9992
11,12.0,0.0144,34083.76043285727,-0.009276707230272407,33832.599909265344,0.00739620519355497,293.9617
12,16.0,0.0256,33466.156809787346,-0.02756306073777992,33247.716372482966,0.006548599489737725,293.8727
13,20.0,0.04000000000000001,32701.449178795803,-0.05067835012834898,32510.55601432599,0.005854557275341871,293.8486
14,24.0,0.0576,31816.53638564104,-0.07811157769018173,31631.741379828454,0.0058250762621652324,293.7844
15,28.0,0.07840000000000001,30803.028290347058,-0.11048473818244808,30623.71915776814,0.005838161691037971,293.7498
16,32.0,0.1024,29538.11969726137,-0.15241612213367617,29500.467163665133,0.001275523033431869,293.6989
17,36.0,0.1296,28250.52216258125,-0.19698580339111338,28277.1725254658,-0.0009429135579004377,293.6593
18,40.0,0.16000000000000003,26891.55693611454,-0.2462853756491139,26969.89140336948,-0.0029087417773130397,293.6145
19,44.0,0.1936,25535.656328503163,-0.29802198158073345,25595.200851190722,-0.0023291042978618726,293.5879
20,48.0,0.2304,24061.46738507973,-0.3574860471835777,24169.853280378764,-0.004494427117152366,293.5256
21,52.0,0.27040000000000003,22629.39435924449,-0.41884804789438057,22710.44344215137,-0.003575185671918557,293.5048
22,56.0,0.31360000000000005,21079.948030027124,-0.4897754861425483,21233.096939340525,-0.0072388823915666145,293.4802
23,60.0,0.36,19601.969978649147,-0.5624676741434165,19753.188074069385,-0.007684829491432343,293.4651
24,64.0,0.4096,18093.85217974212,-0.6425255224469808,18285.093398503133,-0.010513937521511196,293.4074
25,68.0,0.4624000000000001,16720.71177342592,-0.7214495675124901,16841.985739290103,-0.007226742941052078,293.36
26,72.0,0.5184,15351.823876768023,-0.8068634581357674,15435.67179057939,-0.005446894545878211,293.3181
27,76.0,0.5776,13933.035860784368,-0.9038350435137161,14076.474693005144,-0.010242241532892549,293.2898
28,80.0,0.6400000000000001,12731.596978817603,-0.9940108897178703,12773.161408810498,-0.003259349973629422,293.2598
29,84.0,0.7055999999999999,11551.092256028178,-1.0913177443258828,11532.913229724914,0.001575032554257838,293.2292
30,88.0,0.7744,10410.721216638034,-1.1952615830797075,10361.3364663578,0.004754930308816352,293.2322
31,92.0,0.8464,9325.532290204203,-1.3053416984837458,9262.509304670746,0.0067810507856442825,293.2614
32,96.0,0.9216,8370.249644441146,-1.4134140342892376,8239.060001458922,0.01579745023350121,293.2791
